Dates,Soybean,Corn,CrudeOil,DXY,S&P500
12/13/2013,1101.75,489.5,80.46,80.209999,1775.319946
12/16/2013,1106.5,479.25,80.78,80.07,1786.540039
12/17/2013,1109,474.75,80.91,80.059998,1781
12/18/2013,1103.75,474.5,80.25,80.110001,1810.650024
12/19/2013,1107.25,472,79.9,80.629997,1809.599976
12/20/2013,1115,474.5,79.65,80.580002,1818.319946
12/23/2013,1108.75,471,79.73,80.449997,1827.98999
12/24/2013,1107,469.25,79.67,80.529999,1833.319946
12/26/2013,1095,463.5,79.89,80.480003,1842.02002
12/27/2013,1098.5,463,80.07,80.389999,1841.400024
12/30/2013,1090.5,460.25,80.05,80,1841.069946
12/31/2013,1084.25,455.5,79.94,80.040001,1848.359985
1/2/2014,1079.5,455,78.93,80.629997,1831.97998
1/3/2014,1078.75,454,78.58,80.790001,1831.369995
1/6/2014,1073.25,455,78.7,80.650002,1826.77002
1/7/2014,1065.25,455,77.68,80.830002,1837.880005
1/8/2014,1055,454.25,77.08,81.040001,1837.48999
1/9/2014,1051.75,453,77.29,81.010002,1838.130005
1/10/2014,1048.25,462.5,77.33,80.660004,1842.369995
1/13/2014,1057.5,462.75,77.23,80.510002,1819.199951
1/14/2014,1057.75,461.5,77.98,80.610001,1838.880005
1/15/2014,1056.25,459.25,78.36,81,1848.380005
1/16/2014,1061,459.75,77.5,80.900002,1845.890015
1/17/2014,1063.25,456.25,77.58,81.260002,1838.699951
1/21/2014,1051.5,458.25,77.51,81.099998,1843.800049
1/22/2014,1054.25,457.25,77.59,81.169998,1844.859985
1/23/2014,1051.75,457,77.32,80.440002,1828.459961
1/24/2014,1053.75,456.75,77.8,80.459999,1790.290039
1/27/2014,1047.5,458.75,77.64,80.5,1781.560059
1/28/2014,1046.5,458.25,77.94,80.57,1792.5
1/29/2014,1041.25,457.25,77.63,80.510002,1774.199951
1/30/2014,1040.75,457.25,77.62,81.089996,1794.189941
1/31/2014,1047.5,457.25,77.11,81.269997,1782.589966
2/3/2014,1048.5,456,77.47,81.010002,1741.890015
2/4/2014,1048.25,455.25,78.16,81.120003,1755.199951
2/5/2014,1050.5,450.75,79.26,81.029999,1751.640015
2/6/2014,1055.25,454.25,79.42,80.889999,1773.430054
2/7/2014,1058.25,453.5,79.84,80.690002,1797.02002
2/10/2014,1053,452.25,79.57,80.669998,1799.839966
2/11/2014,1053.25,451.75,80.13,80.629997,1819.75
2/12/2014,1050.25,451.75,80.33,80.68,1819.26001
2/13/2014,1055.5,451.75,80.49,80.290001,1829.829956
2/14/2014,1050.25,451.25,80.53,80.129997,1838.630005
2/18/2014,1055.25,452.75,79.95,80.010002,1840.76001
2/19/2014,1052,454.5,79.66,80.169998,1828.75
2/20/2014,1053,456,80,80.290001,1839.780029
2/21/2014,1059.25,452.25,80.16,80.239998,1836.25
2/24/2014,1061,451,80.38,80.209999,1847.609985
2/25/2014,1066.75,452.5,80.07,80.150002,1845.119995
2/26/2014,1069.25,453,80.2,80.410004,1845.160034
2/27/2014,1060,449.75,80.49,80.290001,1854.290039
2/28/2014,1068.25,455.25,80.78,79.779999,1859.449951
3/3/2014,1071.5,451.5,80.76,80.07,1845.72998
3/4/2014,1079.5,454.75,80.53,80.160004,1873.910034
3/5/2014,1081.25,455.5,80.94,80.110001,1873.810059
3/6/2014,1083.25,455.25,81.44,79.68,1877.030029
3/7/2014,1082.5,455.75,81.52,79.720001,1878.040039
3/10/2014,1071.5,454.25,81.12,79.75,1877.170044
3/11/2014,1083.25,454.5,81.51,79.769997,1867.630005
3/12/2014,1070,456.5,81.39,79.610001,1868.199951
3/13/2014,1071.75,453.75,81.82,79.620003,1846.339966
3/14/2014,1069.5,456.5,81.86,79.440002,1841.130005
3/17/2014,1071,452,81.37,79.389999,1858.829956
3/18/2014,1077.75,455.5,81.25,79.410004,1872.25
3/19/2014,1075.75,453,81.04,79.989998,1860.77002
3/20/2014,1075.25,449.5,81.25,80.209999,1872.01001
3/21/2014,1069,448.75,81.4,80.110001,1866.52002
3/24/2014,1075.75,453,81.35,79.93,1857.439941
3/25/2014,1078.75,451.5,81.18,79.940002,1865.619995
3/26/2014,1076,450.25,81.25,79.980003,1852.560059
3/27/2014,1075,451.25,81.18,80.110001,1849.040039
3/28/2014,1076.5,450.25,80.68,80.18,1857.619995
3/31/2014,1076,454.25,81.01,80.099998,1872.339966
4/1/2014,1090,465.75,81.15,80.080002,1885.52002
4/2/2014,1087.5,461.5,81.95,80.220001,1890.900024
4/3/2014,1088.5,464.25,82.33,80.470001,1888.77002
4/4/2014,1090,470,82.29,80.419998,1865.089966
4/7/2014,1089.5,471,82.36,80.220001,1845.040039
4/8/2014,1093,472,82.31,79.75,1851.959961
4/9/2014,1100,470,82.24,79.480003,1872.180054
4/10/2014,1100,468,82.3,79.379997,1833.079956
4/11/2014,1094.5,465,82.19,79.449997,1815.689941
4/14/2014,1099.5,467.75,82.34,79.730003,1830.609985
4/15/2014,1100.5,466,82.35,79.800003,1842.97998
4/16/2014,1099,463.75,82.62,79.82,1862.310059
4/17/2014,1098.5,468.75,82.68,79.830002,1864.849976
4/21/2014,1086,463.5,83.02,79.949997,1871.890015
4/22/2014,1082.5,468,83.3,79.910004,1879.550049
4/23/2014,1099,473.5,83.36,79.860001,1875.390015
4/24/2014,1097.5,472.75,83.13,79.800003,1878.609985
4/25/2014,1099,473.5,82.85,79.769997,1863.400024
4/28/2014,1099.5,471.75,82.78,79.68,1869.430054
4/29/2014,1098,471.75,82.73,79.809998,1878.329956
4/30/2014,1100,471.5,82.47,79.489998,1883.949951
5/1/2014,1085,465.25,82.39,79.529999,1883.680054
5/2/2014,1084.25,461.25,82.29,79.519997,1881.140015
5/5/2014,1087.75,465,82.23,79.489998,1884.660034
5/6/2014,1090.25,470.75,82.13,79.139999,1867.719971
5/7/2014,1085.75,471.75,82.69,79.220001,1878.209961
5/8/2014,1087.25,471.25,82.64,79.43,1875.630005
5/9/2014,1089,465.25,82.44,79.900002,1878.47998
5/12/2014,1081,464.75,82.65,79.900002,1896.650024
5/13/2014,1089,469.5,82.93,80.139999,1897.449951
5/14/2014,1097.25,469.75,82.99,80.07,1888.530029
5/15/2014,1094,466.75,83.15,80,1870.849976
5/16/2014,1098,466.5,83.37,80.040001,1877.859985
5/19/2014,1108.25,467.5,83.34,79.989998,1885.079956
5/20/2014,1101,464.25,83.63,80.040001,1872.829956
5/21/2014,1109.25,464,83.77,80.099998,1888.030029
5/22/2014,1114.25,462.75,84.04,80.25,1892.48999
5/23/2014,1114.75,465.75,84.29,80.389999,1900.530029
5/27/2014,1103.75,461.25,84.28,80.349998,1911.910034
5/28/2014,1106.75,464.25,84.62,80.57,1909.780029
5/29/2014,1105,460,84.46,80.489998,1920.030029
5/30/2014,1099.75,457,84.64,80.370003,1923.569946
6/2/2014,1097,459.5,84.79,80.639999,1924.969971
6/3/2014,1094,459.25,84.94,80.550003,1924.23999
6/4/2014,1103.5,458.5,84.8,80.669998,1927.880005
6/5/2014,1096.25,455.5,85.33,80.370003,1940.459961
6/6/2014,1103.5,456.25,85.32,80.410004,1949.439941
6/9/2014,1114,458.25,85.58,80.650002,1951.27002
6/10/2014,1109.5,459.25,85.71,80.82,1950.790039
6/11/2014,1110.5,459.75,85.94,80.790001,1943.890015
6/12/2014,1112.75,460.75,85.95,80.580002,1930.109985
6/13/2014,1114.5,465.75,86.05,80.580002,1936.160034
6/16/2014,1115.75,460.75,86.64,80.470001,1937.780029
6/17/2014,1123,460.75,87.1,80.629997,1941.98999
6/18/2014,1120.5,461.25,87.44,80.580002,1956.97998
6/19/2014,1129,465,87.83,80.32,1959.47998
6/20/2014,1127.5,466.5,87.76,80.370003,1962.869995
6/23/2014,1122.75,462.5,88.02,80.260002,1962.609985
6/24/2014,1128.25,464,88.03,80.330002,1949.97998
6/25/2014,1129.25,469.5,88.65,80.220001,1959.530029
6/26/2014,1135.75,470.25,88.42,80.230003,1957.219971
6/27/2014,1125,471.25,88.57,80.040001,1960.959961
6/30/2014,1100.5,470,88.7,79.779999,1960.22998
7/1/2014,1104,469.75,89.52,79.82,1973.319946
7/2/2014,1105.75,463.5,89.53,79.959999,1974.619995
7/3/2014,1097.25,463.5,89.73,80.209999,1985.439941
7/7/2014,1097,456,90.06,80.220001,1977.650024
7/8/2014,1093,455.75,89.72,80.18,1963.709961
7/9/2014,1085.5,449.25,89.59,79.989998,1972.829956
7/10/2014,1080.5,445.5,89.32,80.129997,1964.680054
7/11/2014,1083.75,444.75,88.9,80.190002,1967.569946
7/14/2014,1089,448.25,89.56,80.190002,1977.099976
7/15/2014,1090.25,447,88.96,80.389999,1973.280029
7/16/2014,1100.25,447,88.48,80.559998,1981.569946
7/17/2014,1088.25,450.25,87.71,80.519997,1958.119995
7/18/2014,1081,442.25,87.38,80.519997,1978.219971
7/21/2014,1080.5,439.25,88.91,80.559998,1973.630005
7/22/2014,1071,431,88.67,80.779999,1983.530029
7/23/2014,1073.5,430.5,89.35,80.809998,1987.01001
7/24/2014,1067.25,426.25,89.13,80.870003,1987.97998
7/25/2014,1074.25,427.25,89.38,81.029999,1978.339966
7/28/2014,107.6,428.25,88.52,81.029999,1978.910034
7/29/2014,1070.75,429,88.3,81.209999,1969.949951
7/30/2014,1060.5,429.75,88.36,81.419998,1970.069946
7/31/2014,1060,427.5,87.91,81.459999,1930.670044
8/1/2014,1049,424.75,88.2,81.300003,1925.150024
8/4/2014,1061.25,429.75,88.47,81.330002,1938.98999
8/5/2014,1049.5,428.75,88.54,81.519997,1920.209961
8/6/2014,1059.75,430,88.79,81.440002,1920.23999
8/7/2014,1056,427.25,89.31,81.519997,1909.569946
8/8/2014,1057.5,421.75,88.86,81.389999,1931.589966
8/11/2014,1047,422,88.97,81.470001,1936.920044
8/12/2014,1037.75,422,89.02,81.5,1933.75
8/13/2014,1029.25,424,89.44,81.599998,1946.719971
8/14/2014,1032,427,88.57,81.589996,1955.180054
8/15/2014,1029,429,88.95,81.419998,1955.060059
8/18/2014,1031.5,426,88.75,81.580002,1971.73999
8/19/2014,1026.5,426,88.54,81.879997,1981.599976
8/20/2014,1017.75,420.75,88.13,82.25,1986.51001
8/21/2014,1015,420.5,87.92,82.150002,1992.369995
8/22/2014,1014,422.5,88.47,82.339996,1988.400024
8/25/2014,1007.5,422.25,88.6,82.550003,1997.920044
8/26/2014,1011.5,418.75,88.72,82.650002,2000.02002
8/27/2014,1004.5,421,88.37,82.43,2000.119995
8/28/2014,1005.5,422.5,87.8,82.480003,1996.73999
8/29/2014,1004.75,418.5,87.82,82.75,2003.369995
9/2/2014,1007.75,419,87.07,82.989998,2002.280029
9/3/2014,1000,412,87.45,82.870003,2000.719971
9/4/2014,999,409.25,87.23,83.82,1997.650024
9/5/2014,1012.75,414.25,87.23,83.760002,2007.709961
9/8/2014,1000.5,406.25,87.47,84.230003,2001.540039
9/9/2014,1000,404.5,87.62,84.279999,1988.439941
9/10/2014,995,405.5,87.57,84.25,1995.689941
9/11/2014,984.75,405,87.58,84.300003,1997.449951
9/12/2014,988.5,405.75,87.59,84.239998,1985.540039
9/15/2014,992,408,87.7,84.260002,1984.130005
9/16/2014,985.75,409,88.12,84.07,1998.97998
9/17/2014,987.25,407.75,87.89,84.699997,2001.569946
9/18/2014,982,407.5,87.67,84.32,2011.359985
9/19/2014,978.75,406,87.74,84.800003,2010.400024
9/22/2014,966.75,409,87.45,84.669998,1994.290039
9/23/2014,966,408.25,87.25,84.660004,1982.77002
9/24/2014,963.75,408.5,86.98,85.050003,1998.300049
9/25/2014,956,408,86.87,85.199997,1965.98999
9/26/2014,952,406,86.48,85.639999,1982.849976
9/29/2014,966,407.5,86.03,85.589996,1977.800049
9/30/2014,962,406,84.69,85.940002,1972.290039
10/1/2014,963.25,405.75,84.71,85.970001,1946.160034
10/2/2014,968.75,406.75,83.92,85.599998,1946.170044
10/3/2014,959,407,83.24,86.690002,1967.900024
10/6/2014,980.75,407.25,84.02,85.709999,1964.819946
10/7/2014,972.25,409.25,83.86,85.669998,1935.099976
10/8/2014,971.25,410,83.85,85.300003,1968.890015
10/9/2014,973.25,410,83.73,85.519997,1928.209961
10/10/2014,961.25,405.25,83.85,85.910004,1906.130005
10/13/2014,974.25,409.75,84.4,85.43,1874.73999
10/14/2014,985.5,423.5,83.01,85.82,1877.699951
10/15/2014,973,409.5,81.57,85.150002,1862.48999
10/16/2014,976,414.75,80.92,85,1862.76001
10/17/2014,963.25,411,80.95,85.190002,1886.76001
10/20/2014,961.25,412.5,80.25,84.949997,1904.01001
10/21/2014,961,418.25,79.5,85.309998,1941.280029
10/22/2014,967.75,415.25,79.17,85.739998,1927.109985
10/23/2014,975.75,414.5,79.94,85.839996,1950.819946
10/24/2014,966.5,411,80.24,85.730003,1964.579956
10/27/2014,987,416.25,79.93,85.5,1961.630005
10/28/2014,980,420,80.22,85.410004,1985.050049
10/29/2014,992.5,421.75,80.59,85.949997,1982.300049
10/30/2014,983.5,420.5,80.28,86.150002,1994.650024
10/31/2014,995.5,420.75,80.59,86.879997,2018.050049
11/3/2014,988.25,419,80.96,87.309998,2017.810059
11/4/2014,990,410.75,80.27,86.980003,2012.099976
11/5/2014,988,414.25,80.04,87.440002,2023.569946
11/6/2014,993,416.5,80.11,88.010002,2031.209961
11/7/2014,1006.25,415.25,80,87.639999,2031.920044
11/10/2014,1002.25,414.5,79.48,87.809998,2038.26001
11/11/2014,1023.5,418,79.85,87.529999,2039.680054
11/12/2014,1015,418.5,79.5,87.82,2038.25
11/13/2014,1024,422.75,77.53,87.669998,2039.329956
11/14/2014,1005.5,423.5,78.56,87.529999,2039.819946
11/17/2014,1015,422.75,78.66,87.93,2041.319946
11/18/2014,1004.25,419.5,78.31,87.580002,2051.800049
11/19/2014,992,415.25,77.78,87.650002,2048.719971
11/20/2014,1002.75,421,78.2,87.589996,2052.75
11/21/2014,1013,420.75,79.15,88.309998,2063.5
11/24/2014,1005,418.5,78.76,88.150002,2069.409912
11/25/2014,1016,423.5,78.01,87.919998,2067.030029
11/26/2014,1013.5,428,78.18,87.610001,2072.830078
11/28/2014,990.5,423.75,73.85,88.360001,2067.560059
12/1/2014,992,423.5,75.8,87.949997,2053.439941
12/2/2014,984,417,74.58,88.650002,2066.550049
12/3/2014,988,419,74.5,88.959999,2074.330078
12/4/2014,997,421.25,73.48,88.699997,2071.919922
12/5/2014,1015.5,419.5,72.51,89.330002,2075.370117
12/8/2014,1019.5,415.25,70.36,89.040001,2060.310059
12/9/2014,1023,423.5,70.76,88.690002,2059.820068
12/10/2014,1012.5,422.25,68.91,88.269997,2026.140015
12/11/2014,1021.5,424,68.83,88.660004,2035.329956
12/12/2014,1021.5,427,67.03,88.360001,2002.329956
12/15/2014,1012,427,65.78,88.459999,1989.630005
12/16/2014,1001.5,422.25,64.81,88.129997,1972.73999
12/17/2014,1002,420.5,65.22,89.129997,2012.890015
12/18/2014,1010.5,422,64.49,89.239998,2061.22998
12/19/2014,1007,421.25,67.3,89.599998,2070.649902
12/22/2014,1006,421.25,67,89.769997,2078.540039
12/23/2014,1005.5,422.75,68.43,90.059998,2082.169922
12/24/2014,997.5,419.5,68.47,89.970001,2081.879883
12/26/2014,1011.5,423.25,68.08,90.029999,2088.77002
12/29/2014,1003,419.5,67.4,90.190002,2090.570068
12/30/2014,1000,416.25,67.55,89.989998,2080.350098
12/31/2014,985.5,416.25,67.5,90.269997,2058.899902
1/2/2015,979.5,412.25,67.05,91.080002,2058.199951
1/5/2015,1001.5,420.25,65.63,91.379997,2020.579956
1/6/2015,1005.5,420.25,63.52,91.5,2002.609985
1/7/2015,993.5,412.75,63.1,91.889999,2025.900024
1/8/2015,985,412.25,63.15,92.370003,2062.139893
1/9/2015,987.5,417,63.81,91.940002,2044.810059
1/12/2015,972.5,419,62.98,91.980003,2028.26001
1/13/2015,969,412.5,63.44,92.309998,2023.030029
1/14/2015,973,412.25,64.45,92.160004,2011.27002
1/15/2015,963,413,62.47,92.349998,1992.670044
1/16/2015,962.5,415,63.44,92.519997,2019.420044
1/20/2015,960.5,416.5,61.97,93.050003,2022.550049
1/21/2015,960,415,62.64,92.900002,2032.119995
1/22/2015,956.5,414.75,62.14,94.239998,2063.149902
1/23/2015,955.5,418,62.42,95,2051.820068
1/26/2015,966,415,62.35,94.800003,2057.090088
1/27/2015,955.5,420.5,63.32,94.019997,2029.550049
1/28/2015,952,418.25,62.67,94.470001,2002.160034
1/29/2015,945,418.25,63.34,94.779999,2021.25
1/30/2015,943.5,422,65.89,94.800003,1994.98999
2/2/2015,942.5,418.75,66.32,94.5,2020.849976
2/3/2015,960.5,429.25,67.78,93.599998,2050.030029
2/4/2015,950.5,426.75,65.61,94.400002,2041.51001
2/5/2015,959,425.25,66.13,93.57,2062.52002
2/6/2015,953,424.25,65.74,94.699997,2055.469971
2/9/2015,959,428,66.48,94.449997,2046.73999
2/10/2015,948,426.75,65.72,94.760002,2068.590088
2/11/2015,949,423,65.62,94.989998,2068.530029
2/12/2015,954.5,423.25,66.8,94.089996,2088.47998
2/13/2015,959.5,425.5,66.44,94.199997,2096.98999
2/17/2015,975.5,428,66.18,94.059998,2100.340088
2/18/2015,967.5,426,65.48,94.199997,2099.679932
2/19/2015,975.5,427.25,64.59,94.400002,2097.449951
2/20/2015,970,427,65.22,94.32,2110.300049
2/23/2015,968.5,426.25,65.26,94.57,2109.659912
2/24/2015,976.5,426.75,65.58,94.489998,2115.47998
2/25/2015,972.5,427.75,66.48,94.209999,2113.860107
2/26/2015,977,429.25,65.7,95.290001,2110.73999
2/27/2015,973,429,66.28,95.25,2104.5
3/2/2015,962.5,428,65.57,95.459999,2117.389893
3/3/2015,970.5,427.75,66.34,95.379997,2107.780029
3/4/2015,961,427.5,65.37,95.970001,2098.530029
3/5/2015,961,427.5,64.94,96.339996,2101.040039
3/6/2015,962,427,64.46,97.620003,2071.26001
3/9/2015,966,426.5,64.03,97.589996,2079.429932
3/10/2015,961.5,428,63.19,98.599998,2044.160034
3/11/2015,969.5,428,63.43,99.800003,2040.23999
3/12/2015,965,426.25,63.04,99.150002,2065.949951
3/13/2015,954.25,425.75,62,100.330002,2053.399902
3/16/2015,953.5,427.25,61.88,99.599998,2081.189941
3/17/2015,946,422,61.11,99.589996,2074.280029
3/18/2015,950,425.25,62.9,98.550003,2099.5
3/19/2015,948,425.5,61.61,99.099998,2089.27002
3/20/2015,956.5,431,62.38,97.910004,2108.100098
3/23/2015,963.25,432,62.73,97.029999,2104.419922
3/24/2015,959.25,430.5,62.15,97.190002,2091.5
3/25/2015,955.5,429,62.52,96.980003,2061.050049
3/26/2015,954.5,425.75,63.11,97.440002,2056.149902
3/27/2015,948.75,423,61.65,97.290001,2061.02002
3/30/2015,948.75,423.5,62.31,97.959999,2086.23999
3/31/2015,955,414,61.97,98.360001,2067.889893
4/1/2015,972.75,418.25,63.12,98.239998,2059.689941
4/2/2015,974,422.25,62.26,97.440002,2066.959961
4/6/2015,969.25,421.5,63.33,97.110001,2080.620117
4/7/2015,964.5,420.25,63.1,97.830002,2076.330078
4/8/2015,961,419.75,61.6,98.07,2081.899902
4/9/2015,949.5,420,62.48,99.160004,2091.179932
4/10/2015,946.5,420.25,63.15,99.389999,2102.060059
4/13/2015,945.25,418.75,62.95,99.489998,2092.429932
4/14/2015,954.25,421,63.23,98.760002,2095.840088
4/15/2015,955.75,419.5,64.85,98.330002,2106.629883
4/16/2015,955.5,419.75,65.11,97.419998,2104.98999
4/17/2015,954.25,421,64.38,97.43,2081.179932
4/20/2015,959,420.5,65.27,97.940002,2100.399902
4/21/2015,959.75,418.5,65.11,97.980003,2097.290039
4/22/2015,956.5,418.5,65.53,98.019997,2107.959961
4/23/2015,963.75,417.75,66.18,97.279999,2112.929932
4/24/2015,955.5,413.75,65.56,96.919998,2117.689941
4/27/2015,956.75,412.75,65.49,96.769997,2108.919922
4/28/2015,953.25,412.25,65.38,96.089996,2114.76001
4/29/2015,960.75,414,65.49,95.120003,2106.850098
4/30/2015,954,411.75,65.64,94.599998,2085.51001
5/1/2015,944,409.5,65.62,95.300003,2108.290039
5/4/2015,950.75,409.5,65.88,95.480003,2114.48999
5/5/2015,953.75,409,66.32,95.129997,2089.459961
5/6/2015,953.75,410,66.51,94.129997,2080.149902
5/7/2015,952.75,404.75,65.63,94.620003,2088
5/8/2015,952.5,400.5,66.08,94.779999,2116.100098
5/11/2015,950.75,399.5,66.12,95.010002,2105.330078
5/12/2015,937.25,399.75,66.67,94.529999,2099.120117
5/13/2015,939.25,400.5,66.25,93.620003,2098.47998
5/14/2015,942,405.75,66.38,93.360001,2121.100098
5/15/2015,942.25,406.25,66.28,93.139999,2122.72998
5/18/2015,945.5,408.25,65.88,94.190002,2129.199951
5/19/2015,933.25,404.25,64.7,95.269997,2127.830078
5/20/2015,929.25,402.75,65.11,95.449997,2125.850098
5/21/2015,927.5,403.75,65.35,95.260002,2130.820068
5/22/2015,917.25,405.5,64.72,96.010002,2126.060059
5/26/2015,914.5,401.5,64.01,97.300003,2104.199951
5/27/2015,915.25,400.75,63.37,97.370003,2123.47998
5/28/2015,917,403.75,63.52,96.970001,2120.790039
5/29/2015,921.25,401.75,64.75,96.910004,2107.389893
6/1/2015,918.25,399.75,64.21,97.389999,2111.72998
6/2/2015,932.25,406.25,64.92,95.839996,2109.600098
6/3/2015,930.5,408.75,64.33,95.470001,2114.070068
6/4/2015,938.75,411.75,63.59,95.459999,2095.840088
6/5/2015,928.5,411,64.87,96.309998,2092.830078
6/8/2015,933.5,414.75,64.17,95.300003,2079.280029
6/9/2015,935.25,414,65.15,95.169998,2080.149902
6/10/2015,932.5,410.25,65.81,94.650002,2105.199951
6/11/2015,921.25,409.5,65.36,94.980003,2108.860107
6/12/2015,917.75,408.25,64.4,94.970001,2094.110107
6/15/2015,914.5,404.5,64.62,94.809998,2084.429932
6/16/2015,928,408.25,64.88,95,2096.290039
6/17/2015,937.5,412.25,64.9,94.300003,2100.439941
6/18/2015,941,412,65.23,94.010002,2121.23999
6/19/2015,937.25,409.75,64.5,94.089996,2109.98999
6/22/2015,952,413,65.09,94.330002,2122.850098
6/23/2015,952.75,417.5,65.03,95.43,2124.199951
6/24/2015,949,416.75,64.52,95.260002,2108.580078
6/25/2015,955.25,419.5,64.1,95.190002,2102.310059
6/26/2015,945.5,418.5,64.18,95.470001,2101.48999
6/29/2015,945.5,416.75,63.43,94.790001,2057.639893
6/30/2015,965.5,423.5,64.09,95.489998,2063.110107
7/1/2015,967,424.5,63.3,96.309998,2077.419922
7/2/2015,969.75,427,63.33,96.110001,2076.780029
7/6/2015,967.5,427.25,59.81,96.300003,2068.76001
7/7/2015,946.25,421.25,59.95,96.870003,2081.340088
7/8/2015,949,422.5,59.92,96.290001,2046.680054
7/9/2015,969,425.25,60.73,96.610001,2051.310059
7/10/2015,969.5,423.75,61.3,96.029999,2076.620117
7/13/2015,969.25,426.5,61.35,96.860001,2099.600098
7/14/2015,967.75,422,61.48,96.639999,2108.949951
7/15/2015,958,422.75,60.15,97.129997,2107.399902
7/16/2015,952.5,422,59.63,97.660004,2124.290039
7/17/2015,950,416,59.44,97.860001,2126.639893
7/20/2015,945.5,411,59.31,98.029999,2128.280029
7/21/2015,948,414.25,59.9,97.330002,2119.209961
7/22/2015,938.25,411.75,58.94,97.599998,2114.149902
7/23/2015,929.5,410.5,58.24,97.120003,2102.149902
7/24/2015,917.5,407.5,57.69,97.239998,2079.649902
7/27/2015,896.75,401.5,57.6,96.5,2067.639893
7/28/2015,906.25,406.25,57.81,96.769997,2093.25
7/29/2015,903.75,404.5,57.97,96.980003,2108.570068
7/30/2015,906.25,408.5,58.11,97.559998,2108.629883
7/31/2015,906,407,57.54,97.370003,2103.840088
8/3/2015,903.75,403.25,56,97.489998,2098.040039
8/4/2015,908.25,405.75,56.17,97.93,2093.320068
8/5/2015,908.5,407.25,55.88,97.959999,2099.840088
8/6/2015,900,405.25,56.25,97.830002,2083.560059
8/7/2015,914,407.5,55.51,97.559998,2077.570068
8/10/2015,936,419,56.81,97.160004,2104.179932
8/11/2015,919.75,407,56.02,97.290001,2084.070068
8/12/2015,883.25,401.5,56.56,96.260002,2086.050049
8/13/2015,905.25,413.75,56.54,96.449997,2083.389893
8/14/2015,897,413.5,56.75,96.57,2091.540039
8/17/2015,898,413.5,56.24,96.82,2102.439941
8/18/2015,887.75,413.75,56.05,96.970001,2096.919922
8/19/2015,882.75,412.25,54.41,96.459999,2079.610107
8/20/2015,893.75,416.75,53.29,95.75,2035.72998
8/21/2015,879.5,414.25,51.74,94.830002,1970.890015
8/24/2015,867.75,415.25,49.95,93.309998,1893.209961
8/25/2015,877.5,410.75,50.9,94.529999,1867.609985
8/26/2015,870.75,408.25,51.15,95.099998,1940.51001
8/27/2015,880,411.75,54.82,95.610001,1987.660034
8/28/2015,887.25,411.5,56.2,96.110001,1988.869995
8/31/2015,891.25,412.5,58.73,95.949997,1972.180054
9/1/2015,879,405.75,54.7,95.449997,1913.849976
9/2/2015,876.75,404.25,55.69,95.830002,1948.859985
9/3/2015,872,401.25,55.77,96.410004,1951.130005
9/4/2015,868.75,402,54.86,96.230003,1921.219971
9/8/2015,877.5,404.75,55.37,95.879997,1969.410034
9/9/2015,872.25,405.5,54.2,96.010002,1942.040039
9/10/2015,872.25,409.5,55.38,95.459999,1952.290039
9/11/2015,874.25,418.25,54.56,95.190002,1961.050049
9/14/2015,882.75,417,53.31,95.25,1953.030029
9/15/2015,887.75,413.25,53.88,95.610001,1978.089966
9/16/2015,887.25,411.25,55.23,95.419998,1995.310059
9/17/2015,888.75,408.25,54.88,94.550003,1990.199951
9/18/2015,875.75,408.75,53.52,94.860001,1958.030029
9/21/2015,884.25,411.75,55,95.889999,1966.969971
9/22/2015,873.5,407.75,55.05,96.279999,1942.73999
9/23/2015,874.5,409.5,53.8,96.07,1938.76001
9/24/2015,879.75,409.25,54.33,95.989998,1932.23999
9/25/2015,896,411.5,54.58,96.269997,1931.339966
9/28/2015,888.25,411,53.21,96.029999,1881.77002
9/29/2015,890.75,412,53.35,95.889999,1884.089966
9/30/2015,897.25,413,53.55,96.349998,1920.030029
10/1/2015,887,412.5,52.84,96.190002,1923.819946
10/2/2015,886.5,412,53.03,95.830002,1951.359985
10/5/2015,896,416,54.06,96.110001,1987.050049
10/6/2015,900.5,419.75,55.59,95.459999,1979.920044
10/7/2015,904.25,418.75,55.2,95.5,1995.829956
10/8/2015,898,414.25,55.5,95.32,2013.430054
10/9/2015,900.25,411.5,55.85,94.809998,2014.890015
10/12/2015,900.25,410.25,54.36,94.839996,2017.459961
10/13/2015,916.75,413,54.36,94.760002,2003.689941
10/14/2015,912.75,410.5,54.48,93.93,1994.23999
10/15/2015,910.5,409,54.32,94.370003,2023.859985
10/16/2015,905.5,409.5,54.9,94.540001,2033.109985
10/19/2015,901.5,409.25,53.75,94.959999,2033.660034
10/20/2015,905.5,410.75,54.1,94.849998,2030.77002
10/21/2015,909,411.5,53.58,95.050003,2018.939941
10/22/2015,901.5,410.25,54.02,96.339996,2052.51001
10/23/2015,900,410.75,53.47,97.07,2075.149902
10/26/2015,890.5,415,53.4,96.860001,2071.179932
10/27/2015,894.5,412.75,52.6,96.910004,2065.889893
10/28/2015,890.5,410.5,54.37,97.779999,2090.350098
10/29/2015,887.75,414.25,54.21,97.279999,2089.409912
10/30/2015,892.5,415.75,54.57,96.949997,2079.360107
11/2/2015,886,411.25,54.32,96.93,2104.050049
11/3/2015,885.75,414.5,55.42,97.160004,2109.790039
11/4/2015,892,414,54.03,97.949997,2102.310059
11/5/2015,879.75,410,53.79,97.940002,2099.929932
11/6/2015,884,408.5,53.35,99.160004,2099.199951
11/9/2015,880.25,404,53.29,98.980003,2078.580078
11/10/2015,876.25,402,53.51,99.290001,2081.719971
11/11/2015,884.75,402.5,52.36,99.010002,2075
11/12/2015,889,403,51.73,98.650002,2045.969971
11/13/2015,887,400,51.47,98.989998,2023.040039
11/16/2015,892.75,401.75,51.72,99.440002,2053.189941
11/17/2015,895,403.5,50.79,99.629997,2050.439941
11/18/2015,891.25,401,51,99.650002,2083.580078
11/19/2015,892.25,401.5,50.87,98.989998,2081.23999
11/20/2015,891.5,402,51.1,99.57,2089.169922
11/23/2015,896.25,405.5,51.37,99.800003,2086.590088
11/24/2015,895.25,405,52.6,99.529999,2089.139893
11/25/2015,903.25,406.5,52.59,99.800003,2088.870117
11/27/2015,902.25,403.25,51.67,100.019997,2090.110107
11/30/2015,908.75,407,51.35,100.169998,2080.409912
12/1/2015,915.25,408.25,51.31,99.800003,2102.629883
12/2/2015,919.75,407.25,50.48,99.989998,2079.51001
12/3/2015,925,414.5,51.15,97.620003,2049.620117
12/4/2015,933.5,416.75,50.59,98.349998,2091.689941
12/7/2015,909.75,408,49.66,98.660004,2077.070068
12/8/2015,903.25,408.75,49.43,98.470001,2063.590088
12/9/2015,903,408.5,49.33,97.349998,2047.619995
12/10/2015,906,411.5,49.64,97.940002,2052.22998
12/11/2015,897.5,408.25,48.76,97.57,2012.369995
12/14/2015,897.5,410.75,48.02,97.599998,2021.939941
12/15/2015,892.5,409.25,48.47,98.220001,2043.410034
12/16/2015,887.5,405,47.65,97.870003,2073.070068
12/17/2015,902,409,47.44,99.269997,2041.890015
12/18/2015,912.25,408,47.05,98.699997,2005.550049
12/21/2015,910,407.75,46.38,98.459999,2021.150024
12/22/2015,906,403.75,45.84,98.239998,2038.969971
12/23/2015,900,403.5,46.57,98.339996,2064.290039
12/24/2015,894.5,403.25,47.51,97.980003,2060.98999
12/28/2015,887.75,401.5,46.78,97.919998,2056.5
12/29/2015,893.5,403.25,47.54,98.099998,2078.360107
12/30/2015,897.25,400.25,46.75,98.269997,2063.360107
12/31/2015,891.75,398.75,47.44,98.629997,2043.939941
1/4/2016,881.75,394.75,47.36,98.870003,2012.660034
1/5/2016,884.25,394.75,46.86,99.400002,2016.709961
1/6/2016,888.25,395,45.53,99.18,1990.26001
1/7/2016,886,395.5,44.73,98.220001,1943.089966
1/8/2016,885.75,398.25,44.71,98.540001,1922.030029
1/11/2016,882,395.25,43.18,98.730003,1923.670044
1/12/2016,894.5,397.75,41.89,98.970001,1938.680054
1/13/2016,896,397,41.03,98.93,1890.280029
1/14/2016,895.75,395.75,41.79,99.089996,1921.839966
1/15/2016,889,398.5,39.68,98.959999,1880.329956
1/19/2016,890,401,38.84,98.989998,1881.329956
1/20/2016,886.5,401.5,38.22,99.089996,1859.329956
1/21/2016,889,400,38.94,99.059998,1868.98999
1/22/2016,886.25,402,41.73,99.57,1906.900024
1/25/2016,892,402.25,41.05,99.360001,1877.079956
1/26/2016,888.25,402.25,41.96,99.360001,1903.630005
1/27/2016,894.5,401,42.8,98.900002,1882.949951
1/28/2016,881.25,398,43.66,98.510002,1893.359985
1/29/2016,894.25,403.25,44.96,99.610001,1940.23999
2/1/2016,890.5,401,43.54,99,1939.380005
2/2/2016,895.25,400.75,42.61,98.870003,1903.030029
2/3/2016,887.75,398.5,43.95,97.290001,1912.530029
2/4/2016,888.5,396.75,43.93,96.470001,1915.449951
2/5/2016,885,395.25,43.9,97.029999,1880.050049
2/8/2016,881,391.25,43.32,96.57,1853.439941
2/9/2016,880.25,390,40.65,96.07,1852.209961
2/10/2016,880,389.25,41.19,95.889999,1851.859985
2/11/2016,890,391.5,40.91,95.559998,1829.079956
2/12/2016,887,392.25,43.58,95.980003,1864.780029
2/16/2016,890,392.5,42.21,96.870003,1895.579956
2/17/2016,891,395.25,43.85,96.790001,1926.819946
2/18/2016,888.75,393.25,43.22,96.949997,1917.829956
2/19/2016,886.75,393.25,42.2,96.599998,1917.780029
2/22/2016,889.25,396.25,43.36,97.379997,1945.5
2/23/2016,880.75,392,42.33,97.480003,1921.27002
2/24/2016,882,390.25,43.01,97.459999,1929.800049
2/25/2016,877.5,387.25,43.13,97.290001,1951.699951
2/26/2016,877,387,42.49,98.150002,1948.050049
2/29/2016,874.75,384.5,43.61,98.209999,1932.22998
3/1/2016,872.25,382.75,43.73,98.349998,1978.349976
3/2/2016,877.25,381.75,43.59,98.209999,1986.449951
3/3/2016,880.75,382.25,43.64,97.57,1993.400024
3/4/2016,893,384.5,44.91,97.339996,1999.98999
3/7/2016,893,385.75,46.54,97.07,2001.76001
3/8/2016,895.75,387.75,45.32,97.209999,1979.26001
3/9/2016,895.75,386.25,46.4,97.169998,1989.26001
3/10/2016,897.25,387.75,45.8,96.07,1989.569946
3/11/2016,902.25,388.75,46.23,96.169998,2022.189941
3/14/2016,904.25,393.5,45.14,96.620003,2019.640015
3/15/2016,901.75,394.75,44.63,96.629997,2015.930054
3/16/2016,902.25,393.75,45.75,95.889999,2027.219971
3/17/2016,907.5,394.5,46.37,94.760002,2040.589966
3/18/2016,906,393.5,46.36,94.989998,2049.580078
3/21/2016,909.5,394.75,46.6,95.290001,2051.600098
3/22/2016,915,394.75,46.88,95.650002,2049.800049
3/23/2016,910,393.25,45.93,96.050003,2036.709961
3/24/2016,913.75,394.25,45.7,96.139999,2035.939941
3/28/2016,912.75,394.5,45.38,95.940002,2037.050049
3/29/2016,918.75,396,44.94,95.160004,2055.01001
3/30/2016,914.5,390.5,45.46,94.839996,2063.949951
3/31/2016,916,384,45.61,94.589996,2059.73999
4/1/2016,927.25,386,44.08,94.620003,2072.780029
4/4/2016,926.5,386,42.98,94.510002,2066.129883
4/5/2016,920.25,388.25,42.61,94.629997,2045.170044
4/6/2016,922.25,388.5,44.06,94.43,2066.659912
4/7/2016,920,390.5,43.46,94.480003,2041.910034
4/8/2016,928,391.75,45.53,94.239998,2047.599976
4/11/2016,937,386.25,46.29,93.949997,2041.98999
4/12/2016,941.5,390.25,47.52,93.959999,2061.719971
4/13/2016,956.5,400,47.41,94.739998,2082.419922
4/14/2016,950,400.75,46.92,94.900002,2082.780029
4/15/2016,955.25,404,45.93,94.699997,2080.72998
4/18/2016,951.5,404.25,45.65,94.489998,2094.340088
4/19/2016,963,409.25,46.52,93.980003,2100.800049
4/20/2016,956.5,413.25,47.93,94.489998,2102.399902
4/21/2016,959.25,404.75,47.29,94.599998,2091.47998
4/22/2016,954.25,394.75,47.96,95.120003,2091.580078
4/25/2016,958.25,403.25,47.55,94.839996,2087.790039
4/26/2016,967,411,48.41,94.57,2091.699951
4/27/2016,957.5,407.75,49.44,94.389999,2095.149902
4/28/2016,956.5,409.25,49.79,93.760002,2075.810059
4/29/2016,958,408.5,49.5,93.080002,2065.300049
5/2/2016,967.75,409.75,48.55,92.629997,2081.429932
5/3/2016,957.25,402.75,47.89,92.940002,2063.370117
5/4/2016,962.5,401.25,47.81,93.18,2051.120117
5/5/2016,955.75,397.25,48.11,93.779999,2050.629883
5/6/2016,972.5,400,48.7,93.889999,2057.139893
5/9/2016,966.5,394.5,47.49,94.150002,2058.689941
5/10/2016,979.25,404.75,48.82,94.290001,2084.389893
5/11/2016,975,402.5,50.14,93.82,2064.459961
5/12/2016,963.25,411.5,50.29,94.139999,2064.110107
5/13/2016,959,413.5,49.69,94.610001,2046.609985
5/16/2016,961.5,414.25,50.49,94.57,2066.659912
5/17/2016,971.75,415.5,51.02,94.550003,2047.209961
5/18/2016,967.25,415.5,51.07,95.080002,2047.630005
5/19/2016,965.75,408.25,51.01,95.290001,2040.040039
5/20/2016,960.25,408,50.79,95.309998,2052.320068
5/23/2016,952.5,409.5,50.74,95.230003,2048.040039
5/24/2016,945,408,51.1,95.57,2076.060059
5/25/2016,957.25,410.25,51.75,95.349998,2090.540039
5/26/2016,963.25,411.75,51.79,95.169998,2090.100098
5/27/2016,970.75,413.75,51.94,95.519997,2099.060059
5/31/2016,972,408.25,51.82,95.889999,2096.949951
6/1/2016,973,415,51.82,95.459999,2099.330078
6/2/2016,973,414.75,52.07,95.559998,2105.26001
6/3/2016,978.25,417,51.53,94.029999,2099.129883
6/6/2016,991.25,420,52.42,93.900002,2109.409912
6/7/2016,995.75,419.75,53.1,93.830002,2112.129883
6/8/2016,1005.5,420.5,53.85,93.589996,2119.120117
6/9/2016,1003.5,414.5,53.52,94.099998,2115.47998
6/10/2016,1004.5,411.25,52.39,94.599998,2096.070068
6/13/2016,1010.75,414,52.26,94.370003,2079.060059
6/14/2016,1003.25,415.75,51.78,94.93,2075.320068
6/15/2016,998.75,410.5,51.26,94.610001,2071.5
6/16/2016,984.25,409.75,49.77,94.57,2077.98999
6/17/2016,992.25,416.75,51.48,94.209999,2071.219971
6/20/2016,986.5,411.25,52.75,93.610001,2083.25
6/21/2016,973.25,406.25,52.99,94.019997,2088.899902
6/22/2016,970.75,400.25,52.68,93.720001,2085.449951
6/23/2016,970.5,398.25,53.67,93.529999,2113.320068
6/24/2016,963.25,396.5,51.49,95.449997,2037.410034
6/27/2016,973.25,396.5,50.62,96.540001,2000.540039
6/28/2016,986,393,52.36,96.25,2036.089966
6/29/2016,981.75,386.5,54.34,95.769997,2070.77002
6/30/2016,993.5,388.75,52.91,96.139999,2098.860107
7/1/2016,983.25,388,53.87,95.650002,2102.949951
7/5/2016,959.25,382.75,52.03,96.169998,2088.550049
7/6/2016,963.25,376.5,52.94,96.059998,2099.72998
7/7/2016,939.75,376.5,50.93,96.330002,2097.899902
7/8/2016,959.5,385.5,51.36,96.300003,2129.899902
7/11/2016,954.5,379.75,51.32,96.57,2137.159912
7/12/2016,977.25,384.75,52.88,96.440002,2152.139893
7/13/2016,982,388.75,50.99,96.220001,2152.429932
7/14/2016,961.25,386.25,51.64,96.080002,2163.75
7/15/2016,956.75,381.25,51.42,96.580002,2161.73999
7/18/2016,966.5,386.5,50.87,96.559998,2166.889893
7/19/2016,947,376.5,51,97.050003,2163.780029
7/20/2016,945,374.75,51.52,97.199997,2173.02002
7/21/2016,945.25,373.25,50.61,97,2165.169922
7/22/2016,935.75,373,50.11,97.470001,2175.030029
7/25/2016,917,371.75,49.47,97.290001,2168.47998
7/26/2016,923.75,369.75,49.32,97.160004,2169.179932
7/27/2016,928.25,370.25,48.17,97.050003,2166.580078
7/28/2016,919.75,368.25,47.36,96.739998,2170.060059
7/29/2016,935.25,372.5,47.77,95.529999,2173.600098
8/1/2016,912.75,366.5,46.6,95.709999,2170.840088
8/2/2016,911.25,370,46.22,95.059998,2157.030029
8/3/2016,915.5,372.5,47.14,95.559998,2163.790039
8/4/2016,916.25,370,47.87,95.760002,2164.25
8/5/2016,925.75,372.25,47.88,96.190002,2182.870117
8/8/2016,930.25,373,48.73,96.400002,2180.889893
8/9/2016,929.75,371.25,48.48,96.18,2181.73999
8/10/2016,928.5,372.25,47.95,95.650002,2175.48999
8/11/2016,932,372.25,49.39,95.860001,2185.790039
8/12/2016,931,373.75,50.08,95.720001,2184.050049
8/15/2016,944,376,51.03,95.629997,2190.149902
8/16/2016,937.75,375.75,51.72,94.790001,2178.149902
8/17/2016,944.75,378.5,52.3,94.720001,2182.219971
8/18/2016,947.25,381.25,53.29,94.160004,2187.02002
8/19/2016,946.25,382.5,53.36,94.510002,2183.870117
8/22/2016,955.75,381,51.97,94.519997,2182.639893
8/23/2016,953.75,377.25,52.73,94.540001,2186.899902
8/24/2016,948.75,376,51.78,94.790001,2175.439941
8/25/2016,931.5,373,52.29,94.769997,2172.469971
8/26/2016,932.5,366.75,52.54,95.57,2169.040039
8/29/2016,932,363.75,51.89,95.580002,2180.379883
8/30/2016,922.5,359.75,51.26,96.050003,2176.120117
8/31/2016,917,359.5,49.56,96.019997,2170.949951
9/1/2016,920.25,366.25,48.2,95.650002,2170.860107
9/2/2016,927.25,369.75,49.44,95.879997,2179.97998
9/6/2016,932,371,49.96,94.82,2186.47998
9/7/2016,940.5,374.5,50.79,94.959999,2186.159912
9/8/2016,943.5,379.25,52.65,95.029999,2181.300049
9/9/2016,947.75,381.25,50.9,95.339996,2127.810059
9/12/2016,942.25,380.75,51.3,95.099998,2159.040039
9/13/2016,930.75,372,50.36,95.629997,2127.02002
9/14/2016,930.75,373.25,49.27,95.330002,2125.77002
9/15/2016,939,370.75,49.8,95.290001,2147.26001
9/16/2016,952.75,376.75,49.04,96.110001,2139.159912
9/19/2016,959.75,377.5,49.22,95.839996,2139.120117
9/20/2016,973,380.25,49.24,96.019997,2139.76001
9/21/2016,964.5,379.5,49.95,95.660004,2163.120117
9/22/2016,964.5,376.5,50.88,95.449997,2177.179932
9/23/2016,949.25,375.75,49.32,95.480003,2164.689941
9/26/2016,945.25,369.5,50.58,95.309998,2146.100098
9/27/2016,952.75,372,49.44,95.440002,2159.929932
9/28/2016,948,369.25,51.43,95.43,2171.370117
9/29/2016,951.25,368.75,51.92,95.540001,2151.129883
9/30/2016,953.25,376.5,52.36,95.459999,2168.27002
10/3/2016,971.5,384.25,52.99,95.75,2161.199951
10/4/2016,966.75,387,53.06,96.120003,2150.48999
10/5/2016,963,386.5,53.82,96.129997,2159.72998
10/6/2016,961.75,380,54.21,96.660004,2160.77002
10/7/2016,960,379.5,53.83,96.519997,2153.73999
10/10/2016,961.75,383,54.79,96.519997,2163.659912
10/11/2016,962.25,384.25,54.15,97.699997,2136.72998
10/12/2016,954.5,377.25,53.72,97.970001,2139.179932
10/13/2016,964.25,388.25,53.97,97.519997,2132.550049
10/14/2016,968.75,391,53.82,98.019997,2132.97998
10/17/2016,981.25,391,53.68,97.889999,2126.5
10/18/2016,978.25,391,54.03,97.900002,2139.600098
10/19/2016,985.75,393.75,54.84,97.870003,2144.290039
10/20/2016,980.5,388.25,53.98,98.32,2141.340088
10/21/2016,985.75,389,54.48,98.699997,2141.159912
10/24/2016,991.5,386.25,54.53,98.669998,2151.330078
10/25/2016,993.5,387,53.99,98.720001,2143.159912
10/26/2016,1003.75,390.25,53.13,98.629997,2139.429932
10/27/2016,1003.5,393,53.44,98.889999,2133.040039
10/28/2016,994.25,390.25,52.62,98.349998,2126.409912
10/31/2016,994.5,389.75,50.96,98.449997,2126.149902
11/1/2016,983,386.25,50.83,97.699997,2111.719971
11/2/2016,978.5,384.25,49.88,97.400002,2097.939941
11/3/2016,981.75,386,49.36,97.160004,2088.659912
11/4/2016,982.5,387,48.86,97.07,2085.179932
11/7/2016,988.25,384.75,49.63,97.779999,2131.52002
11/8/2016,995,391.75,49.91,97.860001,2139.560059
11/9/2016,985.5,380.25,50.4,98.5,2163.26001
11/10/2016,993.75,382,49.98,98.790001,2167.47998
11/11/2016,984,379.5,48.7,98.790001,2164.449951
11/14/2016,981.25,375.75,48.15,100.110001,2164.199951
11/15/2016,986.25,379.25,50.17,100.190002,2180.389893
11/16/2016,987,376.25,49.97,100.410004,2176.939941
11/17/2016,993,378.5,50.16,100.889999,2187.120117
11/18/2016,992.75,382,50.46,101.209999,2181.899902
11/21/2016,1009.75,386,52.18,101.050003,2198.179932
11/22/2016,1016.25,387.25,52.33,101.040001,2202.939941
11/23/2016,1016.5,387.75,52.24,101.699997,2204.719971
11/25/2016,1026.5,387.5,50.56,101.489998,2213.350098
11/28/2016,1034,388,51.46,101.330002,2201.719971
11/29/2016,1025.5,379.75,49.71,100.93,2204.659912
11/30/2016,1018,379.75,53.25,101.5,2198.810059
12/1/2016,1013.5,375,54.21,101.040001,2191.080078
12/2/2016,1015,377.75,55.03,100.769997,2191.949951
12/5/2016,1024.5,389.25,55.62,100.139999,2204.709961
12/6/2016,1027.5,389.5,54.91,100.489998,2212.22998
12/7/2016,1032,387,54.15,100.230003,2241.350098
12/8/2016,1013,383.25,54.66,101.07,2246.189941
12/9/2016,1025,388.5,55.08,101.57,2259.530029
12/12/2016,1022,389.25,55.89,100.959999,2256.959961
12/13/2016,1020,389.25,56.23,101.029999,2271.719971
12/14/2016,1016,390,55.03,102,2253.280029
12/15/2016,1016.25,386,55.01,103.129997,2262.030029
12/16/2016,1019.75,386.5,55.72,102.949997,2258.070068
12/19/2016,1012,384.25,55.75,103.139999,2262.530029
12/20/2016,996.75,381.75,56.35,103.290001,2270.76001
12/21/2016,997.5,378.25,55.65,103.019997,2265.179932
12/22/2016,987.5,377.75,56.13,103.059998,2260.959961
12/23/2016,981.25,376.25,56.25,102.970001,2263.790039
12/27/2016,1002.5,384.25,56.92,103.019997,2268.879883
12/28/2016,996,378.25,57.11,103.260002,2249.919922
12/29/2016,993.5,379.25,57.1,102.68,2249.26001
12/30/2016,989.25,380,57.05,102.389999,2238.830078
1/3/2017,983.25,383.5,56.04,103.209999,2257.830078
1/4/2017,998.75,386.75,57.03,102.699997,2270.75
1/5/2017,996.25,388.5,57.39,101.519997,2269
1/6/2017,982.5,385.5,57.62,102.220001,2276.97998
1/9/2017,993.75,387.5,56.02,101.93,2268.899902
1/10/2017,1000,386.5,54.99,102.010002,2268.899902
1/11/2017,998,385.75,56.21,101.779999,2275.320068
1/12/2017,1016.5,386,56.99,101.349998,2270.439941
1/13/2017,1018.5,386.25,56.29,101.18,2274.639893
1/17/2017,1020,392.5,56.23,100.330002,2267.889893
1/18/2017,1028.25,391.75,54.89,100.93,2271.889893
1/19/2017,1029.75,393.5,55.02,101.150002,2263.689941
1/20/2017,1028.75,395.75,56.04,100.739998,2271.310059
1/23/2017,1025.25,396,55.66,100.160004,2265.199951
1/24/2017,1026,391,55.82,100.349998,2280.070068
1/25/2017,1025.5,393.75,55.35,100.029999,2298.370117
1/26/2017,1023.25,390.75,56.16,100.379997,2296.679932
1/27/2017,1025.25,389.25,55.43,100.529999,2294.689941
1/30/2017,1004,385.5,55.13,100.43,2280.899902
1/31/2017,1001,387.25,55.25,99.510002,2278.870117
2/1/2017,1012,396.25,56.09,99.639999,2279.550049
2/2/2017,1018.5,394.5,55.84,99.849998,2280.850098
2/3/2017,1009.75,392.75,56.21,99.870003,2297.419922
2/6/2017,1017,392,55.47,99.910004,2292.560059
2/7/2017,1019.5,396.25,54.58,100.260002,2293.080078
2/8/2017,1028.25,397.5,54.64,100.279999,2294.669922
2/9/2017,1026,395.75,55.13,100.650002,2307.870117
2/10/2017,1030,399.25,55.98,100.800003,2316.100098
2/13/2017,1027.25,399.5,55.1,100.959999,2328.25
2/14/2017,1023,399.5,55.29,101.25,2337.580078
2/15/2017,1034.25,402.75,55.01,101.18,2349.25
2/16/2017,1024,399,54.81,100.440002,2347.219971
2/17/2017,1018.25,394.25,54.82,100.949997,2351.159912
2/21/2017,1014.5,395.75,55.04,101.370003,2365.379883
2/22/2017,1013.5,397.25,54.56,101.330002,2362.820068
2/23/2017,1004.5,391.75,55.25,101.050003,2363.810059
2/24/2017,1007,391,54.92,101.089996,2367.340088
2/27/2017,1006.25,388.75,55.09,101.129997,2369.75
2/28/2017,1018.25,393.75,55.29,101.120003,2363.639893
3/1/2017,1032.25,401.25,55.17,101.779999,2395.959961
3/2/2017,1021.75,398.5,54.11,102.199997,2381.919922
3/3/2017,1022,399.25,54.79,101.540001,2383.120117
3/6/2017,1021.75,398,54.86,101.639999,2375.310059
3/7/2017,1013.5,396,54.76,101.809998,2368.389893
3/8/2017,1010.25,392.75,52.13,102.07,2362.97998
3/9/2017,1004.5,388.25,51.22,101.849998,2364.870117
3/10/2017,999.75,386.5,50.39,101.25,2372.600098
3/13/2017,1002.25,383.5,50.38,101.379997,2373.469971
3/14/2017,994.5,384.25,49.89,101.699997,2365.449951
3/15/2017,993,385,50.63,100.739998,2385.26001
3/16/2017,995.5,387.5,50.41,100.269997,2381.379883
3/17/2017,993.5,389.75,50.51,100.300003,2378.25
3/20/2017,993.5,386.25,50.36,100.410004,2373.469971
3/21/2017,998.25,384.5,49.91,99.809998,2344.02002
3/22/2017,998.75,382,49.73,99.68,2348.449951
3/23/2017,991.25,380,49.39,99.760002,2345.959961
3/24/2017,977,379.5,49.6,99.629997,2343.97998
3/27/2017,971,380,49.54,99.169998,2341.590088
3/28/2017,972.25,381.75,50.01,99.709999,2358.570068
3/29/2017,968,382,50.96,100,2361.129883
3/30/2017,963.25,381,51.72,100.410004,2368.060059
3/31/2017,954,388.25,52.03,100.349998,2362.719971
4/3/2017,950.25,392,51.85,100.540001,2358.840088
4/4/2017,949,387.75,52.64,100.540001,2360.159912
4/5/2017,954,389.25,52.68,100.559998,2352.949951
4/6/2017,950.75,386,53.12,100.669998,2357.48999
4/7/2017,949.5,384.5,53.52,101.18,2355.540039
4/10/2017,949.75,391,54.37,101.019997,2357.159912
4/11/2017,948.5,390.5,54.69,100.709999,2353.780029
4/12/2017,955.5,392.5,54.56,100.779999,2344.929932
4/13/2017,961.75,394.5,54.67,100.559998,2328.949951
4/17/2017,962.25,390.25,54.26,100.300003,2349.01001
4/18/2017,956.75,386.25,54.01,99.5,2342.189941
4/19/2017,958.25,386.5,52.05,99.739998,2338.169922
4/20/2017,953.75,382.5,51.99,99.779999,2355.840088
4/21/2017,959.5,382,51.01,99.980003,2348.689941
4/24/2017,967.5,383.5,50.63,99.089996,2374.149902
4/25/2017,961.75,389,50.81,98.82,2388.610107
4/26/2017,954,384.25,50.84,98.959999,2387.449951
4/27/2017,954.5,386.75,50.18,99.080002,2388.77002
4/28/2017,953.25,385,50.46,99.050003,2384.199951
5/1/2017,964.5,394.5,50.03,99.139999,2388.330078
5/2/2017,964.75,390,48.93,98.980003,2391.169922
5/3/2017,970,392.25,49.14,99.209999,2388.129883
5/4/2017,964.75,384.5,47,98.760002,2389.52002
5/5/2017,966.5,388.5,47.75,98.650002,2399.290039
5/8/2017,961.25,384.25,48.07,99.150002,2399.379883
5/9/2017,967.5,385,47.48,99.589996,2396.919922
5/10/2017,966.75,391.5,48.77,99.669998,2399.629883
5/11/2017,964,387.25,49.23,99.620003,2394.439941
5/12/2017,959.75,388.75,49.08,99.25,2390.899902
5/15/2017,960.75,385.25,49.94,98.910004,2402.320068
5/16/2017,967.75,385.5,49.95,98.110001,2400.669922
5/17/2017,967.75,389,50.38,97.419998,2357.030029
5/18/2017,944.75,384,50.5,97.879997,2365.719971
5/19/2017,951.75,390.25,51.45,97.150002,2381.72998
5/22/2017,956.25,392.75,51.95,96.980003,2394.02002
5/23/2017,948.5,387.75,52.22,97.349998,2398.419922
5/24/2017,948,389.75,52.01,97.239998,2404.389893
5/25/2017,939.25,387.5,49.64,97.25,2415.070068
5/26/2017,929.25,392.5,50.49,97.400002,2415.820068
5/30/2017,919.75,385.75,50.37,97.279999,2412.909912
5/31/2017,918.25,391,49.01,96.919998,2411.800049
6/1/2017,917.75,389.25,49.1,97.199997,2430.060059
6/2/2017,925.5,391,48.37,96.720001,2439.070068
6/5/2017,928,392,48.06,96.800003,2436.100098
6/6/2017,931.75,395.75,48.76,96.639999,2429.330078
6/7/2017,935.75,402.5,46.66,96.75,2433.139893
6/8/2017,943.75,403.75,46.6,96.919998,2433.790039
6/9/2017,948.25,406,46.76,97.269997,2431.77002
6/12/2017,938.25,395.5,46.96,97.139999,2429.389893
6/13/2017,939,399,47.27,96.980003,2440.350098
6/14/2017,939,395.5,45.58,96.940002,2437.919922
6/15/2017,944,397.75,45.41,97.43,2432.459961
6/16/2017,950,402,45.67,97.160004,2433.149902
6/19/2017,948.5,393.25,45.19,97.529999,2453.459961
6/20/2017,938.75,388,44.3,97.75,2437.030029
6/21/2017,927.75,386.75,43.22,97.559998,2435.610107
6/22/2017,913.25,380.75,43.45,97.540001,2434.5
6/23/2017,911,375.25,43.79,97.300003,2438.300049
6/26/2017,913.75,377,44.11,97.43,2439.070068
6/27/2017,917.5,377.5,45.01,96.470001,2419.379883
6/28/2017,921.75,376.25,45.51,96.050003,2440.689941
6/29/2017,924.75,380,45.72,95.629997,2419.699951
6/30/2017,954.75,392,46.77,95.660004,2423.409912
7/3/2017,980.75,399.25,47.74,96.199997,2429.01001
7/5/2017,994.25,404,45.81,96.290001,2432.540039
7/6/2017,999.25,402.75,46.13,95.82,2409.75
7/7/2017,1015.5,404.75,44.8,96.010002,2425.179932
7/10/2017,1039.25,414.75,45.04,96.050003,2427.429932
7/11/2017,1043.25,414.25,45.65,95.739998,2425.530029
7/12/2017,1034,398.75,46.01,95.790001,2443.25
7/13/2017,987.5,383,46.59,95.730003,2447.830078
7/14/2017,1001.5,389.5,47.12,95.110001,2459.27002
7/17/2017,997.5,388,46.64,95.129997,2459.139893
7/18/2017,1001.75,390.75,46.99,94.660004,2460.610107
7/19/2017,1012.5,396.25,47.73,94.800003,2473.830078
7/20/2017,102.7,404.75,47.34,94.269997,2473.449951
7/21/2017,1022.25,393.5,46.19,93.940002,2472.540039
7/24/2017,1010,390.75,46.72,93.980003,2469.909912
7/25/2017,992.75,382.25,48.19,94.050003,2477.129883
7/26/2017,1000.25,386,48.99,93.669998,2477.830078
7/27/2017,1007.5,387.75,49.32,93.860001,2475.419922
7/28/2017,1013,388,49.93,93.260002,2472.100098
7/31/2017,1007.25,384.75,50.37,92.860001,2470.300049
8/1/2017,971.75,376.5,49.43,93.029999,2476.350098
8/2/2017,977.5,379,49.87,92.830002,2477.570068
8/3/2017,960.5,377.75,49.34,92.809998,2472.159912
8/4/2017,956.75,381,49.88,93.540001,2476.830078
8/7/2017,969.75,386.75,49.75,93.43,2480.909912
8/8/2017,973.25,383.75,49.52,93.639999,2474.919922
8/9/2017,973.25,386.25,49.87,93.519997,2474.02002
8/10/2017,940.25,371,48.88,93.400002,2438.209961
8/11/2017,945,374.75,49.11,93.07,2441.320068
8/14/2017,938.25,376.25,47.88,93.459999,2465.840088
8/15/2017,924.25,368.5,47.84,93.849998,2464.610107
8/16/2017,925.25,366.5,47.1,93.489998,2468.110107
8/17/2017,933,364.25,47.4,93.620003,2430.01001
8/18/2017,937.75,365.75,48.82,93.43,2425.550049
8/21/2017,936.25,363,47.68,93.099998,2428.370117
8/22/2017,937.5,360,48.02,93.550003,2452.51001
8/23/2017,938,355.75,48.62,93.150002,2444.040039
8/24/2017,946.5,356.25,47.7,93.279999,2438.969971
8/25/2017,944.5,353.5,48.12,92.739998,2443.050049
8/28/2017,941.25,351,46.96,92.209999,2444.23999
8/29/2017,937.25,348.75,47,92.349998,2446.300049
8/30/2017,933.25,345.5,46.51,92.93,2457.590088
8/31/2017,945.25,357.75,47.96,92.669998,2471.649902
9/1/2017,949.5,355.25,47.99,92.809998,2476.550049
9/5/2017,968.5,358.5,49.14,92.309998,2457.850098
9/6/2017,971,361,49.62,92.290001,2465.540039
9/7/2017,968.75,355.25,49.53,91.529999,2465.100098
9/8/2017,962,356.75,48.06,91.330002,2461.429932
9/11/2017,960,357.5,48.62,91.940002,2488.110107
9/12/2017,950.5,351.5,48.75,91.910004,2496.47998
9/13/2017,960.5,351.5,49.75,92.519997,2498.370117
9/14/2017,976,354.25,50.35,92.120003,2495.620117
9/15/2017,968.75,354.75,50.44,91.870003,2500.22998
9/18/2017,967.75,351.5,50.35,92.050003,2503.870117
9/19/2017,965.5,348.25,49.9,91.790001,2506.649902
9/20/2017,970,350,50.69,92.510002,2508.23999
9/21/2017,970.75,350.25,50.55,92.260002,2500.600098
9/22/2017,984.25,353.5,50.66,92.169998,2502.219971
9/25/2017,971.25,353.75,52.22,92.650002,2496.659912
9/26/2017,963.5,352.25,51.88,92.970001,2496.840088
9/27/2017,965.5,354,52.14,93.440002,2507.040039
9/28/2017,959.5,352.5,51.56,93.089996,2510.060059
9/29/2017,968.25,355.25,51.67,93.080002,2519.360107
10/2/2017,957.25,351.5,50.58,93.559998,2529.120117
10/3/2017,955.25,349.5,50.42,93.57,2534.580078
10/4/2017,958.25,348.25,49.98,93.459999,2537.73999
10/5/2017,968.25,349.5,50.79,93.959999,2552.070068
10/6/2017,972.25,350,49.29,93.800003,2549.330078
10/9/2017,966.75,349.5,49.58,93.739998,2544.72998
10/10/2017,966,349.25,50.92,93.290001,2550.639893
10/11/2017,965.25,346,51.3,92.959999,2555.23999
10/12/2017,992,349,50.6,93.120003,2550.929932
10/13/2017,1000.25,352.75,51.45,93.089996,2553.169922
10/16/2017,991,350.5,51.87,93.279999,2557.639893
10/17/2017,984.75,350,51.88,93.489998,2559.360107
10/18/2017,984.25,348.5,52.04,93.360001,2561.26001
10/19/2017,986.5,349,51.29,93.269997,2562.100098
10/20/2017,978.75,344.5,51.47,93.699997,2575.209961
